Open,High,Low,Close,Volume,Dividends,Stock Splits,Capital Gains
8.489999771118164,8.510000228881836,8.489999771118164,8.5,93231,0.0,0.0,0.0
8.5,8.5,8.489999771118164,8.489999771118164,16623,0.0,0.0,0.0
8.479999542236328,8.479999542236328,8.470000267028809,8.479999542236328,7723,0.0,0.0,0.0
8.470000267028809,8.489999771118164,8.460000038146973,8.489999771118164,3937,0.0,0.0,0.0
8.489999771118164,8.489999771118164,8.479999542236328,8.479999542236328,4540,0.0,0.0,0.0
8.479999542236328,8.479999542236328,8.470000267028809,8.479999542236328,2500,0.0,0.0,0.0
8.489999771118164,8.5,8.479999542236328,8.5,3901,0.0,0.0,0.0
8.470000267028809,8.5,8.470000267028809,8.470000267028809,4100,0.0,0.0,0.0
8.470000267028809,8.470000267028809,8.460000038146973,8.460000038146973,22700,0.0,0.0,0.0
8.460000038146973,8.460000038146973,8.4399995803833,8.4399995803833,51675,0.0,0.0,0.0
8.449999809265137,8.449999809265137,8.449999809265137,8.449999809265137,7300,0.0,0.0,0.0
8.449999809265137,8.460000038146973,8.430000305175781,8.430000305175781,24812,0.0,0.0,0.0
8.470000267028809,8.470000267028809,8.4399995803833,8.4399995803833,801,0.0,0.0,0.0
8.4399995803833,8.460000038146973,8.4399995803833,8.460000038146973,70518,0.0,0.0,0.0
8.460000038146973,8.479999542236328,8.460000038146973,8.479999542236328,1605,0.0,0.0,0.0
8.479999542236328,8.479999542236328,8.470000267028809,8.470000267028809,260,0.0,0.0,0.0
8.479999542236328,8.479999542236328,8.470000267028809,8.479999542236328,2901,0.0,0.0,0.0
8.479999542236328,8.479999542236328,8.470000267028809,8.479999542236328,20210,0.0,0.0,0.0
8.470000267028809,8.479999542236328,8.470000267028809,8.470000267028809,30703,0.0,0.0,0.0
8.5600004196167,8.579999923706055,8.529999732971191,8.569999694824219,24605,0.0,0.0,0.0
8.5600004196167,8.579999923706055,8.550000190734863,8.579999923706055,37567,0.0,0.0,0.0
8.579999923706055,8.600000381469727,8.569999694824219,8.59000015258789,28800,0.0,0.0,0.0
8.59000015258789,8.600000381469727,8.59000015258789,8.600000381469727,10116,0.0,0.0,0.0
8.600000381469727,8.600000381469727,8.59000015258789,8.59000015258789,27001,0.0,0.0,0.0
8.59000015258789,8.600000381469727,8.59000015258789,8.600000381469727,5825,0.0,0.0,0.0
8.600000381469727,8.609999656677246,8.600000381469727,8.609999656677246,10853,0.0,0.0,0.0
8.609999656677246,8.609999656677246,8.600000381469727,8.609999656677246,7803,0.0,0.0,0.0
8.619999885559082,8.619999885559082,8.600000381469727,8.619999885559082,8801,0.0,0.0,0.0
8.619999885559082,8.619999885559082,8.600000381469727,8.600000381469727,911,0.0,0.0,0.0
8.600000381469727,8.619999885559082,8.600000381469727,8.619999885559082,33026,0.0,0.0,0.0
8.619999885559082,8.640000343322754,8.609999656677246,8.640000343322754,187087,0.0,0.0,0.0
8.619999885559082,8.640000343322754,8.619999885559082,8.630000114440918,6115,0.0,0.0,0.0
8.619999885559082,8.619999885559082,8.619999885559082,8.619999885559082,7130,0.0,0.0,0.0
8.619999885559082,8.630000114440918,8.619999885559082,8.619999885559082,4219,0.0,0.0,0.0
8.619999885559082,8.619999885559082,8.609999656677246,8.619999885559082,5700,0.0,0.0,0.0
8.619999885559082,8.619999885559082,8.619999885559082,8.619999885559082,9159,0.0,0.0,0.0
8.619999885559082,8.630000114440918,8.619999885559082,8.630000114440918,510,0.0,0.0,0.0
8.630000114440918,8.630000114440918,8.609999656677246,8.619999885559082,5335,0.0,0.0,0.0
8.609999656677246,8.619999885559082,8.609999656677246,8.609999656677246,3117,0.0,0.0,0.0
8.600000381469727,8.630000114440918,8.600000381469727,8.630000114440918,43500,0.0,0.0,0.0
8.630000114440918,8.630000114440918,8.609999656677246,8.609999656677246,16000,0.0,0.0,0.0
8.609999656677246,8.619999885559082,8.609999656677246,8.609999656677246,11378,0.0,0.0,0.0
8.619999885559082,8.619999885559082,8.609999656677246,8.609999656677246,3048,0.0,0.0,0.0
8.609999656677246,8.609999656677246,8.600000381469727,8.609999656677246,2099,0.0,0.0,0.0
8.600000381469727,8.609999656677246,8.600000381469727,8.600000381469727,3300,0.0,0.0,0.0
8.600000381469727,8.609999656677246,8.600000381469727,8.609999656677246,1400,0.0,0.0,0.0
8.609999656677246,8.609999656677246,8.600000381469727,8.600000381469727,6300,0.0,0.0,0.0
8.600000381469727,8.600000381469727,8.600000381469727,8.600000381469727,1000,0.0,0.0,0.0
8.600000381469727,8.609999656677246,8.600000381469727,8.609999656677246,17600,0.0,0.0,0.0
8.600000381469727,8.609999656677246,8.600000381469727,8.609999656677246,63606,0.0,0.0,0.0
8.600000381469727,8.600000381469727,8.59000015258789,8.600000381469727,10503,0.0,0.0,0.0
8.600000381469727,8.600000381469727,8.600000381469727,8.600000381469727,223,0.0,0.0,0.0
8.600000381469727,8.600000381469727,8.600000381469727,8.600000381469727,26600,0.0,0.0,0.0
8.59000015258789,8.619999885559082,8.59000015258789,8.619999885559082,0,0.0,0.0,0.0
8.600000381469727,8.600000381469727,8.600000381469727,8.600000381469727,1700,0.0,0.0,0.0
8.619999885559082,8.619999885559082,8.619999885559082,8.619999885559082,2468,0.0,0.0,0.0
8.609999656677246,8.619999885559082,8.609999656677246,8.609999656677246,18709,0.0,0.0,0.0
8.579999923706055,8.609999656677246,8.579999923706055,8.600000381469727,3500,0.0,0.0,0.0
8.600000381469727,8.609999656677246,8.600000381469727,8.609999656677246,2167,0.0,0.0,0.0
8.609999656677246,8.619999885559082,8.609999656677246,8.619999885559082,503,0.0,0.0,0.0
8.609999656677246,8.619999885559082,8.609999656677246,8.619999885559082,200,0.0,0.0,0.0
8.619999885559082,8.640000343322754,8.619999885559082,8.640000343322754,7550,0.0,0.0,0.0
8.640000343322754,8.640000343322754,8.609999656677246,8.609999656677246,3704,0.0,0.0,0.0
8.640000343322754,8.649999618530273,8.640000343322754,8.640000343322754,24716,0.0,0.0,0.0
8.65999984741211,8.65999984741211,8.619999885559082,8.649999618530273,9710,0.0,0.0,0.0
8.649999618530273,8.649999618530273,8.619999885559082,8.619999885559082,11501,0.0,0.0,0.0
8.609999656677246,8.609999656677246,8.609999656677246,8.609999656677246,2725,0.0,0.0,0.0
8.619999885559082,8.619999885559082,8.619999885559082,8.619999885559082,5809,0.0,0.0,0.0
8.609999656677246,8.619999885559082,8.609999656677246,8.619999885559082,2669,0.0,0.0,0.0
8.619999885559082,8.619999885559082,8.619999885559082,8.619999885559082,5627,0.0,0.0,0.0
8.630000114440918,8.630000114440918,8.609999656677246,8.630000114440918,1434,0.0,0.0,0.0
8.619999885559082,8.619999885559082,8.600000381469727,8.600000381469727,88748,0.0,0.0,0.0
8.609999656677246,8.609999656677246,8.59000015258789,8.600000381469727,7950,0.0,0.0,0.0
8.59000015258789,8.600000381469727,8.59000015258789,8.600000381469727,600,0.0,0.0,0.0
8.609999656677246,8.619999885559082,8.609999656677246,8.619999885559082,3106,0.0,0.0,0.0
8.630000114440918,8.630000114440918,8.619999885559082,8.619999885559082,600,0.0,0.0,0.0
8.609999656677246,8.609999656677246,8.579999923706055,8.579999923706055,13818,0.0,0.0,0.0
8.600000381469727,8.619999885559082,8.600000381469727,8.619999885559082,54358,0.0,0.0,0.0
8.619999885559082,8.619999885559082,8.619999885559082,8.619999885559082,413,0.0,0.0,0.0
8.609999656677246,8.609999656677246,8.600000381469727,8.609999656677246,507,0.0,0.0,0.0
8.600000381469727,8.609999656677246,8.59000015258789,8.59000015258789,6600,0.0,0.0,0.0
8.59000015258789,8.59000015258789,8.59000015258789,8.59000015258789,2300,0.0,0.0,0.0
8.59000015258789,8.600000381469727,8.59000015258789,8.600000381469727,13900,0.0,0.0,0.0
8.600000381469727,8.609999656677246,8.600000381469727,8.600000381469727,4439,0.0,0.0,0.0
8.619999885559082,8.630000114440918,8.619999885559082,8.619999885559082,2619,0.0,0.0,0.0
8.630000114440918,8.630000114440918,8.630000114440918,8.630000114440918,100,0.0,0.0,0.0
8.630000114440918,8.630000114440918,8.630000114440918,8.630000114440918,24800,0.0,0.0,0.0
8.630000114440918,8.630000114440918,8.619999885559082,8.619999885559082,21127,0.0,0.0,0.0
8.619999885559082,8.619999885559082,8.600000381469727,8.600000381469727,2403,0.0,0.0,0.0
8.609999656677246,8.619999885559082,8.600000381469727,8.619999885559082,11741,0.0,0.0,0.0
8.619999885559082,8.630000114440918,8.619999885559082,8.630000114440918,6354,0.0,0.0,0.0
8.630000114440918,8.630000114440918,8.619999885559082,8.619999885559082,400,0.0,0.0,0.0
8.609999656677246,8.630000114440918,8.609999656677246,8.630000114440918,205,0.0,0.0,0.0
8.630000114440918,8.630000114440918,8.609999656677246,8.609999656677246,713,0.0,0.0,0.0
8.630000114440918,8.630000114440918,8.630000114440918,8.630000114440918,45250,0.0,0.0,0.0
8.680000305175781,8.680000305175781,8.649999618530273,8.649999618530273,4234,0.0,0.0,0.0
8.65999984741211,8.65999984741211,8.649999618530273,8.65999984741211,1102,0.0,0.0,0.0
8.65999984741211,8.65999984741211,8.640000343322754,8.649999618530273,10860,0.0,0.0,0.0
8.640000343322754,8.649999618530273,8.640000343322754,8.649999618530273,1140,0.0,0.0,0.0
8.649999618530273,8.670000076293945,8.649999618530273,8.670000076293945,27400,0.0,0.0,0.0
8.670000076293945,8.670000076293945,8.670000076293945,8.670000076293945,900,0.0,0.0,0.0
8.670000076293945,8.670000076293945,8.670000076293945,8.670000076293945,1200,0.0,0.0,0.0
8.65999984741211,8.65999984741211,8.65999984741211,8.65999984741211,705,0.0,0.0,0.0
8.65999984741211,8.670000076293945,8.65999984741211,8.670000076293945,1424,0.0,0.0,0.0
8.65999984741211,8.65999984741211,8.649999618530273,8.65999984741211,1405,0.0,0.0,0.0
8.670000076293945,8.670000076293945,8.670000076293945,8.670000076293945,29000,0.0,0.0,0.0
8.670000076293945,8.670000076293945,8.630000114440918,8.640000343322754,32858,0.0,0.0,0.0
8.640000343322754,8.649999618530273,8.630000114440918,8.630000114440918,2013,0.0,0.0,0.0
8.649999618530273,8.649999618530273,8.649999618530273,8.649999618530273,100,0.0,0.0,0.0
8.649999618530273,8.649999618530273,8.630000114440918,8.630000114440918,5901,0.0,0.0,0.0
8.649999618530273,8.649999618530273,8.630000114440918,8.630000114440918,10005,0.0,0.0,0.0
8.630000114440918,8.640000343322754,8.630000114440918,8.630000114440918,300,0.0,0.0,0.0
8.630000114440918,8.630000114440918,8.619999885559082,8.630000114440918,3198,0.0,0.0,0.0
8.640000343322754,8.640000343322754,8.619999885559082,8.619999885559082,800,0.0,0.0,0.0
8.670000076293945,8.670000076293945,8.609999656677246,8.619999885559082,7420,0.0,0.0,0.0
8.619999885559082,8.619999885559082,8.609999656677246,8.619999885559082,6786,0.0,0.0,0.0
8.630000114440918,8.640000343322754,8.619999885559082,8.619999885559082,6900,0.0,0.0,0.0
8.619999885559082,8.630000114440918,8.609999656677246,8.609999656677246,5620,0.0,0.0,0.0
8.609999656677246,8.609999656677246,8.609999656677246,8.609999656677246,3396,0.0,0.0,0.0
8.619999885559082,8.619999885559082,8.600000381469727,8.609999656677246,8509,0.0,0.0,0.0
8.600000381469727,8.600000381469727,8.59000015258789,8.59000015258789,5103,0.0,0.0,0.0
8.600000381469727,8.600000381469727,8.579999923706055,8.59000015258789,18220,0.0,0.0,0.0
8.59000015258789,8.59000015258789,8.579999923706055,8.579999923706055,8602,0.0,0.0,0.0
8.579999923706055,8.579999923706055,8.5600004196167,8.569999694824219,34600,0.0,0.0,0.0
8.569999694824219,8.569999694824219,8.569999694824219,8.569999694824219,7400,0.0,0.0,0.0
8.579999923706055,8.600000381469727,8.569999694824219,8.600000381469727,3534,0.0,0.0,0.0
8.600000381469727,8.600000381469727,8.600000381469727,8.600000381469727,4300,0.0,0.0,0.0
8.59000015258789,8.59000015258789,8.59000015258789,8.59000015258789,1228,0.0,0.0,0.0
8.600000381469727,8.600000381469727,8.59000015258789,8.600000381469727,922,0.0,0.0,0.0
8.59000015258789,8.600000381469727,8.579999923706055,8.600000381469727,2512,0.0,0.0,0.0
8.600000381469727,8.600000381469727,8.579999923706055,8.579999923706055,1600,0.0,0.0,0.0
8.579999923706055,8.579999923706055,8.579999923706055,8.579999923706055,200,0.0,0.0,0.0
8.600000381469727,8.600000381469727,8.59000015258789,8.600000381469727,1900,0.0,0.0,0.0
8.600000381469727,8.600000381469727,8.5600004196167,8.569999694824219,601,0.0,0.0,0.0
8.5600004196167,8.569999694824219,8.5600004196167,8.5600004196167,6223,0.0,0.0,0.0
8.5600004196167,8.569999694824219,8.5600004196167,8.569999694824219,3436,0.0,0.0,0.0
8.569999694824219,8.569999694824219,8.5600004196167,8.569999694824219,55352,0.0,0.0,0.0
8.5600004196167,8.5600004196167,8.529999732971191,8.529999732971191,40512,0.0,0.0,0.0
8.529999732971191,8.539999961853027,8.529999732971191,8.539999961853027,30161,0.0,0.0,0.0
8.529999732971191,8.529999732971191,8.510000228881836,8.520000457763672,22837,0.0,0.0,0.0
8.520000457763672,8.529999732971191,8.520000457763672,8.529999732971191,160022,0.0,0.0,0.0
8.529999732971191,8.529999732971191,8.510000228881836,8.520000457763672,32089,0.0,0.0,0.0
8.520000457763672,8.520000457763672,8.520000457763672,8.520000457763672,2110,0.0,0.0,0.0
8.529999732971191,8.529999732971191,8.529999732971191,8.529999732971191,11400,0.0,0.0,0.0
8.520000457763672,8.539999961853027,8.520000457763672,8.539999961853027,600,0.0,0.0,0.0
8.550000190734863,8.550000190734863,8.520000457763672,8.539999961853027,33821,0.0,0.0,0.0
8.539999961853027,8.550000190734863,8.539999961853027,8.550000190734863,700,0.0,0.0,0.0
8.550000190734863,8.550000190734863,8.550000190734863,8.550000190734863,300,0.0,0.0,0.0
8.539999961853027,8.550000190734863,8.539999961853027,8.550000190734863,2939,0.0,0.0,0.0
8.539999961853027,8.539999961853027,8.529999732971191,8.539999961853027,8300,0.0,0.0,0.0
8.539999961853027,8.550000190734863,8.529999732971191,8.539999961853027,11600,0.0,0.0,0.0
8.529999732971191,8.550000190734863,8.529999732971191,8.529999732971191,12105,0.0,0.0,0.0
8.539999961853027,8.539999961853027,8.539999961853027,8.539999961853027,6713,0.0,0.0,0.0
8.539999961853027,8.539999961853027,8.539999961853027,8.539999961853027,1100,0.0,0.0,0.0
8.539999961853027,8.539999961853027,8.520000457763672,8.520000457763672,15770,0.0,0.0,0.0
8.520000457763672,8.520000457763672,8.5,8.510000228881836,68916,0.0,0.0,0.0
8.510000228881836,8.510000228881836,8.5,8.510000228881836,6200,0.0,0.0,0.0
8.5,8.5,8.489999771118164,8.489999771118164,169932,0.0,0.0,0.0
8.5,8.510000228881836,8.5,8.510000228881836,600,0.0,0.0,0.0
8.510000228881836,8.510000228881836,8.510000228881836,8.510000228881836,2400,0.0,0.0,0.0
8.510000228881836,8.510000228881836,8.5,8.5,14225,0.0,0.0,0.0
8.5,8.5,8.5,8.5,14800,0.0,0.0,0.0
8.520000457763672,8.520000457763672,8.510000228881836,8.510000228881836,2100,0.0,0.0,0.0
8.510000228881836,8.510000228881836,8.5,8.5,11630,0.0,0.0,0.0
8.5,8.5,8.5,8.5,8241,0.0,0.0,0.0
8.5,8.5,8.489999771118164,8.489999771118164,25522,0.0,0.0,0.0
8.5,8.5,8.479999542236328,8.479999542236328,362900,0.0,0.0,0.0
8.5,8.5,8.489999771118164,8.489999771118164,25800,0.0,0.0,0.0
8.489999771118164,8.5,8.489999771118164,8.5,22500,0.0,0.0,0.0
8.5,8.5,8.489999771118164,8.489999771118164,2400,0.0,0.0,0.0
8.5,8.5,8.5,8.5,700,0.0,0.0,0.0
8.449999809265137,8.460000038146973,8.430000305175781,8.449999809265137,14462,0.0,0.0,0.0
8.4399995803833,8.460000038146973,8.4399995803833,8.449999809265137,35402,0.0,0.0,0.0
8.4399995803833,8.449999809265137,8.420000076293945,8.430000305175781,31537,0.0,0.0,0.0
8.449999809265137,8.449999809265137,8.430000305175781,8.4399995803833,31518,0.0,0.0,0.0
8.4399995803833,8.479999542236328,8.4399995803833,8.470000267028809,5645,0.0,0.0,0.0
8.479999542236328,8.479999542236328,8.449999809265137,8.460000038146973,28295,0.0,0.0,0.0
8.460000038146973,8.460000038146973,8.4399995803833,8.449999809265137,13600,0.0,0.0,0.0
8.449999809265137,8.460000038146973,8.449999809265137,8.449999809265137,14727,0.0,0.0,0.0
8.460000038146973,8.460000038146973,8.430000305175781,8.4399995803833,27985,0.0,0.0,0.0
8.4399995803833,8.449999809265137,8.430000305175781,8.430000305175781,3552,0.0,0.0,0.0
8.460000038146973,8.460000038146973,8.4399995803833,8.4399995803833,3040,0.0,0.0,0.0
8.4399995803833,8.470000267028809,8.4399995803833,8.470000267028809,8620,0.0,0.0,0.0
8.470000267028809,8.470000267028809,8.470000267028809,8.470000267028809,710,0.0,0.0,0.0
8.470000267028809,8.470000267028809,8.470000267028809,8.470000267028809,954,0.0,0.0,0.0
8.479999542236328,8.489999771118164,8.479999542236328,8.479999542236328,34127,0.0,0.0,0.0
8.479999542236328,8.489999771118164,8.470000267028809,8.479999542236328,3912,0.0,0.0,0.0
8.489999771118164,8.489999771118164,8.479999542236328,8.479999542236328,718,0.0,0.0,0.0
8.479999542236328,8.479999542236328,8.470000267028809,8.479999542236328,1464,0.0,0.0,0.0
8.470000267028809,8.479999542236328,8.470000267028809,8.479999542236328,1500,0.0,0.0,0.0
8.520000457763672,8.520000457763672,8.489999771118164,8.489999771118164,38695,0.0,0.0,0.0
8.489999771118164,8.510000228881836,8.489999771118164,8.510000228881836,32186,0.0,0.0,0.0
8.510000228881836,8.510000228881836,8.5,8.510000228881836,4575,0.0,0.0,0.0
8.510000228881836,8.520000457763672,8.510000228881836,8.520000457763672,1730,0.0,0.0,0.0
8.520000457763672,8.529999732971191,8.520000457763672,8.520000457763672,2510,0.0,0.0,0.0
8.510000228881836,8.510000228881836,8.5,8.5,847,0.0,0.0,0.0
8.529999732971191,8.529999732971191,8.510000228881836,8.510000228881836,936,0.0,0.0,0.0
8.520000457763672,8.520000457763672,8.510000228881836,8.520000457763672,2909,0.0,0.0,0.0
8.520000457763672,8.520000457763672,8.510000228881836,8.510000228881836,1628,0.0,0.0,0.0
8.510000228881836,8.510000228881836,8.510000228881836,8.510000228881836,710,0.0,0.0,0.0
8.520000457763672,8.520000457763672,8.520000457763672,8.520000457763672,3603,0.0,0.0,0.0
8.529999732971191,8.539999961853027,8.529999732971191,8.539999961853027,6230,0.0,0.0,0.0
8.539999961853027,8.539999961853027,8.529999732971191,8.529999732971191,49700,0.0,0.0,0.0
8.529999732971191,8.539999961853027,8.529999732971191,8.539999961853027,4180,0.0,0.0,0.0
8.539999961853027,8.550000190734863,8.539999961853027,8.550000190734863,730,0.0,0.0,0.0
8.539999961853027,8.550000190734863,8.539999961853027,8.539999961853027,815,0.0,0.0,0.0
8.550000190734863,8.550000190734863,8.539999961853027,8.550000190734863,2700,0.0,0.0,0.0
8.529999732971191,8.529999732971191,8.529999732971191,8.529999732971191,130,0.0,0.0,0.0
8.539999961853027,8.550000190734863,8.529999732971191,8.539999961853027,5700,0.0,0.0,0.0
8.520000457763672,8.539999961853027,8.520000457763672,8.529999732971191,1635,0.0,0.0,0.0
8.529999732971191,8.529999732971191,8.520000457763672,8.520000457763672,19043,0.0,0.0,0.0
8.520000457763672,8.520000457763672,8.510000228881836,8.510000228881836,6300,0.0,0.0,0.0
8.510000228881836,8.520000457763672,8.510000228881836,8.520000457763672,1957,0.0,0.0,0.0
8.520000457763672,8.520000457763672,8.520000457763672,8.520000457763672,3700,0.0,0.0,0.0
8.520000457763672,8.520000457763672,8.510000228881836,8.510000228881836,2781,0.0,0.0,0.0
8.5,8.510000228881836,8.5,8.510000228881836,1851,0.0,0.0,0.0
8.510000228881836,8.520000457763672,8.510000228881836,8.520000457763672,34700,0.0,0.0,0.0
8.520000457763672,8.529999732971191,8.520000457763672,8.529999732971191,14755,0.0,0.0,0.0
8.529999732971191,8.539999961853027,8.520000457763672,8.539999961853027,13612,0.0,0.0,0.0
8.539999961853027,8.539999961853027,8.539999961853027,8.539999961853027,3400,0.0,0.0,0.0
8.539999961853027,8.539999961853027,8.510000228881836,8.529999732971191,3452,0.0,0.0,0.0
8.529999732971191,8.529999732971191,8.529999732971191,8.529999732971191,127,0.0,0.0,0.0
8.529999732971191,8.529999732971191,8.5,8.5,33300,0.0,0.0,0.0
8.5,8.5,8.489999771118164,8.489999771118164,42134,0.0,0.0,0.0
8.489999771118164,8.489999771118164,8.470000267028809,8.470000267028809,156315,0.0,0.0,0.0
8.470000267028809,8.479999542236328,8.460000038146973,8.460000038146973,44535,0.0,0.0,0.0
8.460000038146973,8.479999542236328,8.460000038146973,8.460000038146973,43110,0.0,0.0,0.0
8.460000038146973,8.470000267028809,8.449999809265137,8.460000038146973,16500,0.0,0.0,0.0
8.449999809265137,8.460000038146973,8.420000076293945,8.460000038146973,286607,0.0,0.0,0.0
8.460000038146973,8.470000267028809,8.4399995803833,8.4399995803833,339932,0.0,0.0,0.0
8.4399995803833,8.449999809265137,8.4399995803833,8.449999809265137,17018,0.0,0.0,0.0
8.4399995803833,8.449999809265137,8.430000305175781,8.430000305175781,33307,0.0,0.0,0.0
8.4399995803833,8.4399995803833,8.420000076293945,8.420000076293945,114493,0.0,0.0,0.0
8.430000305175781,8.430000305175781,8.399999618530273,8.40999984741211,267480,0.0,0.0,0.0
8.40999984741211,8.40999984741211,8.390000343322754,8.40999984741211,29710,0.0,0.0,0.0
8.40999984741211,8.40999984741211,8.399999618530273,8.40999984741211,43000,0.0,0.0,0.0
8.40999984741211,8.420000076293945,8.399999618530273,8.420000076293945,5504,0.0,0.0,0.0
8.40999984741211,8.430000305175781,8.40999984741211,8.420000076293945,3800,0.0,0.0,0.0
8.430000305175781,8.430000305175781,8.420000076293945,8.420000076293945,14600,0.0,0.0,0.0
8.420000076293945,8.420000076293945,8.40999984741211,8.40999984741211,87275,0.0,0.0,0.0
8.40999984741211,8.40999984741211,8.399999618530273,8.399999618530273,82001,0.0,0.0,0.0
8.399999618530273,8.399999618530273,8.390000343322754,8.390000343322754,101300,0.0,0.0,0.0
8.380000114440918,8.399999618530273,8.380000114440918,8.380000114440918,83417,0.0,0.0,0.0
8.390000343322754,8.390000343322754,8.380000114440918,8.380000114440918,13915,0.0,0.0,0.0
8.380000114440918,8.380000114440918,8.369999885559082,8.380000114440918,54520,0.0,0.0,0.0
8.380000114440918,8.380000114440918,8.369999885559082,8.380000114440918,28010,0.0,0.0,0.0
8.390000343322754,8.399999618530273,8.380000114440918,8.390000343322754,242512,0.0,0.0,0.0
8.40999984741211,8.40999984741211,8.369999885559082,8.390000343322754,15025,0.0,0.0,0.0
8.399999618530273,8.399999618530273,8.380000114440918,8.399999618530273,20200,0.0,0.0,0.0
8.399999618530273,8.40999984741211,8.390000343322754,8.399999618530273,17500,0.0,0.0,0.0
8.399999618530273,8.399999618530273,8.380000114440918,8.390000343322754,27228,0.0,0.0,0.0
8.390000343322754,8.399999618530273,8.390000343322754,8.399999618530273,3000,0.0,0.0,0.0
8.420000076293945,8.420000076293945,8.40999984741211,8.420000076293945,3404,0.0,0.0,0.0
8.420000076293945,8.420000076293945,8.399999618530273,8.420000076293945,6400,0.0,0.0,0.0
8.40999984741211,8.40999984741211,8.390000343322754,8.390000343322754,18977,0.0,0.0,0.0
8.399999618530273,8.40999984741211,8.399999618530273,8.40999984741211,8801,0.0,0.0,0.0
8.40999984741211,8.420000076293945,8.40999984741211,8.420000076293945,9899,0.0,0.0,0.0
8.40999984741211,8.40999984741211,8.399999618530273,8.399999618530273,26162,0.0,0.0,0.0
8.399999618530273,8.40999984741211,8.390000343322754,8.399999618530273,3248,0.0,0.0,0.0
8.390000343322754,8.40999984741211,8.390000343322754,8.399999618530273,3421,0.0,0.0,0.0
8.40999984741211,8.40999984741211,8.40999984741211,8.40999984741211,59005,0.0,0.0,0.0
8.40999984741211,8.40999984741211,8.40999984741211,8.40999984741211,13600,0.0,0.0,0.0
8.40999984741211,8.40999984741211,8.399999618530273,8.40999984741211,2400,0.0,0.0,0.0
8.40999984741211,8.40999984741211,8.40999984741211,8.40999984741211,2215,0.0,0.0,0.0
8.40999984741211,8.40999984741211,8.399999618530273,8.399999618530273,18360,0.0,0.0,0.0
8.399999618530273,8.40999984741211,8.399999618530273,8.399999618530273,7158,0.0,0.0,0.0
8.390000343322754,8.399999618530273,8.350000381469727,8.390000343322754,5410,0.0,0.0,0.0
8.399999618530273,8.420000076293945,8.399999618530273,8.399999618530273,62162,0.0,0.0,0.0
8.40999984741211,8.4399995803833,8.40999984741211,8.4399995803833,6274,0.0,0.0,0.0
8.4399995803833,8.449999809265137,8.430000305175781,8.449999809265137,5239,0.0,0.0,0.0
8.449999809265137,8.449999809265137,8.430000305175781,8.4399995803833,7342,0.0,0.0,0.0
8.449999809265137,8.449999809265137,8.430000305175781,8.4399995803833,25602,0.0,0.0,0.0
8.4399995803833,8.449999809265137,8.4399995803833,8.449999809265137,30755,0.0,0.0,0.0
8.449999809265137,8.449999809265137,8.4399995803833,8.449999809265137,3321,0.0,0.0,0.0
8.449999809265137,8.449999809265137,8.4399995803833,8.4399995803833,2654,0.0,0.0,0.0
8.449999809265137,8.449999809265137,8.449999809265137,8.449999809265137,1421,0.0,0.0,0.0
8.4399995803833,8.4399995803833,8.4399995803833,8.4399995803833,2930,0.0,0.0,0.0
8.449999809265137,8.449999809265137,8.430000305175781,8.430000305175781,29957,0.0,0.0,0.0
8.430000305175781,8.4399995803833,8.430000305175781,8.430000305175781,426,0.0,0.0,0.0
8.420000076293945,8.420000076293945,8.420000076293945,8.420000076293945,8290,0.0,0.0,0.0
8.430000305175781,8.4399995803833,8.430000305175781,8.4399995803833,3599,0.0,0.0,0.0
8.4399995803833,8.4399995803833,8.4399995803833,8.4399995803833,2102,0.0,0.0,0.0
8.4399995803833,8.4399995803833,8.4399995803833,8.4399995803833,10702,0.0,0.0,0.0
8.430000305175781,8.4399995803833,8.430000305175781,8.430000305175781,1457,0.0,0.0,0.0
8.430000305175781,8.4399995803833,8.420000076293945,8.430000305175781,23512,0.0,0.0,0.0
8.420000076293945,8.420000076293945,8.390000343322754,8.420000076293945,12089,0.0,0.0,0.0
8.430000305175781,8.430000305175781,8.420000076293945,8.430000305175781,4747,0.0,0.0,0.0
8.430000305175781,8.430000305175781,8.420000076293945,8.430000305175781,12800,0.0,0.0,0.0
8.430000305175781,8.430000305175781,8.40999984741211,8.430000305175781,13292,0.0,0.0,0.0
8.430000305175781,8.4399995803833,8.420000076293945,8.430000305175781,2309,0.0,0.0,0.0
8.420000076293945,8.430000305175781,8.40999984741211,8.420000076293945,1302,0.0,0.0,0.0
8.420000076293945,8.420000076293945,8.40999984741211,8.420000076293945,771,0.0,0.0,0.0
8.420000076293945,8.430000305175781,8.420000076293945,8.430000305175781,1200,0.0,0.0,0.0
8.430000305175781,8.430000305175781,8.430000305175781,8.430000305175781,4151,0.0,0.0,0.0
8.430000305175781,8.4399995803833,8.420000076293945,8.4399995803833,1700,0.0,0.0,0.0
8.449999809265137,8.449999809265137,8.449999809265137,8.449999809265137,3000,0.0,0.0,0.0
8.449999809265137,8.449999809265137,8.430000305175781,8.449999809265137,4935,0.0,0.0,0.0
8.449999809265137,8.449999809265137,8.4399995803833,8.4399995803833,1620,0.0,0.0,0.0
8.449999809265137,8.449999809265137,8.4399995803833,8.449999809265137,884,0.0,0.0,0.0
8.449999809265137,8.449999809265137,8.4399995803833,8.449999809265137,6700,0.0,0.0,0.0
8.449999809265137,8.449999809265137,8.4399995803833,8.4399995803833,757,0.0,0.0,0.0
8.449999809265137,8.449999809265137,8.449999809265137,8.449999809265137,200,0.0,0.0,0.0
8.449999809265137,8.449999809265137,8.4399995803833,8.4399995803833,1421,0.0,0.0,0.0
8.430000305175781,8.449999809265137,8.430000305175781,8.4399995803833,12102,0.0,0.0,0.0
8.399999618530273,8.399999618530273,8.350000381469727,8.359999656677246,187570,0.0,0.0,0.0
8.359999656677246,8.359999656677246,8.350000381469727,8.359999656677246,62458,0.0,0.0,0.0
8.359999656677246,8.369999885559082,8.34000015258789,8.350000381469727,262500,0.0,0.0,0.0
8.350000381469727,8.350000381469727,8.329999923706055,8.350000381469727,223990,0.0,0.0,0.0
8.350000381469727,8.350000381469727,8.34000015258789,8.350000381469727,7503,0.0,0.0,0.0
8.350000381469727,8.380000114440918,8.350000381469727,8.380000114440918,25531,0.0,0.0,0.0
8.380000114440918,8.380000114440918,8.369999885559082,8.369999885559082,64907,0.0,0.0,0.0
8.369999885559082,8.369999885559082,8.369999885559082,8.369999885559082,10200,0.0,0.0,0.0
8.369999885559082,8.369999885559082,8.359999656677246,8.369999885559082,7114,0.0,0.0,0.0
8.369999885559082,8.390000343322754,8.369999885559082,8.390000343322754,3400,0.0,0.0,0.0
8.390000343322754,8.390000343322754,8.390000343322754,8.390000343322754,7301,0.0,0.0,0.0
8.390000343322754,8.390000343322754,8.369999885559082,8.369999885559082,26821,0.0,0.0,0.0
8.380000114440918,8.399999618530273,8.369999885559082,8.399999618530273,1600,0.0,0.0,0.0
8.399999618530273,8.399999618530273,8.380000114440918,8.390000343322754,4822,0.0,0.0,0.0
8.399999618530273,8.399999618530273,8.390000343322754,8.390000343322754,32003,0.0,0.0,0.0
8.380000114440918,8.390000343322754,8.380000114440918,8.390000343322754,29310,0.0,0.0,0.0
8.390000343322754,8.390000343322754,8.380000114440918,8.390000343322754,61041,0.0,0.0,0.0
8.390000343322754,8.390000343322754,8.390000343322754,8.390000343322754,800,0.0,0.0,0.0
8.380000114440918,8.380000114440918,8.380000114440918,8.380000114440918,55700,0.0,0.0,0.0
8.399999618530273,8.40999984741211,8.399999618530273,8.40999984741211,1970,0.0,0.0,0.0
8.40999984741211,8.420000076293945,8.399999618530273,8.40999984741211,8520,0.0,0.0,0.0
8.40999984741211,8.420000076293945,8.399999618530273,8.420000076293945,1149,0.0,0.0,0.0
8.420000076293945,8.430000305175781,8.40999984741211,8.420000076293945,43882,0.0,0.0,0.0
8.420000076293945,8.420000076293945,8.40999984741211,8.420000076293945,34691,0.0,0.0,0.0
8.420000076293945,8.420000076293945,8.420000076293945,8.420000076293945,1200,0.0,0.0,0.0
8.40999984741211,8.420000076293945,8.399999618530273,8.40999984741211,11713,0.0,0.0,0.0
8.399999618530273,8.40999984741211,8.390000343322754,8.390000343322754,51000,0.0,0.0,0.0
8.390000343322754,8.399999618530273,8.390000343322754,8.399999618530273,1202,0.0,0.0,0.0
8.399999618530273,8.399999618530273,8.390000343322754,8.390000343322754,2702,0.0,0.0,0.0
8.390000343322754,8.390000343322754,8.390000343322754,8.390000343322754,19400,0.0,0.0,0.0
8.399999618530273,8.399999618530273,8.380000114440918,8.390000343322754,36250,0.0,0.0,0.0
8.380000114440918,8.390000343322754,8.380000114440918,8.380000114440918,3910,0.0,0.0,0.0
8.380000114440918,8.390000343322754,8.380000114440918,8.380000114440918,110130,0.0,0.0,0.0
8.380000114440918,8.390000343322754,8.380000114440918,8.390000343322754,2240,0.0,0.0,0.0
8.390000343322754,8.390000343322754,8.380000114440918,8.380000114440918,410,0.0,0.0,0.0
8.380000114440918,8.390000343322754,8.380000114440918,8.390000343322754,70600,0.0,0.0,0.0
8.390000343322754,8.390000343322754,8.380000114440918,8.390000343322754,2500,0.0,0.0,0.0
8.390000343322754,8.399999618530273,8.390000343322754,8.390000343322754,8700,0.0,0.0,0.0
8.399999618530273,8.399999618530273,8.380000114440918,8.390000343322754,13146,0.0,0.0,0.0
8.390000343322754,8.399999618530273,8.369999885559082,8.369999885559082,4500,0.0,0.0,0.0
8.380000114440918,8.390000343322754,8.369999885559082,8.390000343322754,10100,0.0,0.0,0.0
8.380000114440918,8.380000114440918,8.369999885559082,8.380000114440918,35100,0.0,0.0,0.0
8.380000114440918,8.380000114440918,8.350000381469727,8.359999656677246,107705,0.0,0.0,0.0
8.350000381469727,8.359999656677246,8.350000381469727,8.350000381469727,12006,0.0,0.0,0.0
8.369999885559082,8.369999885559082,8.369999885559082,8.369999885559082,11600,0.0,0.0,0.0
8.369999885559082,8.369999885559082,8.359999656677246,8.369999885559082,1400,0.0,0.0,0.0
8.369999885559082,8.380000114440918,8.359999656677246,8.359999656677246,7000,0.0,0.0,0.0
8.369999885559082,8.380000114440918,8.359999656677246,8.359999656677246,20900,0.0,0.0,0.0
8.380000114440918,8.390000343322754,8.380000114440918,8.380000114440918,9200,0.0,0.0,0.0
8.380000114440918,8.380000114440918,8.369999885559082,8.369999885559082,1344,0.0,0.0,0.0
8.369999885559082,8.369999885559082,8.369999885559082,8.369999885559082,2403,0.0,0.0,0.0
8.369999885559082,8.369999885559082,8.359999656677246,8.369999885559082,10915,0.0,0.0,0.0
8.359999656677246,8.369999885559082,8.359999656677246,8.359999656677246,65525,0.0,0.0,0.0
8.369999885559082,8.369999885559082,8.359999656677246,8.359999656677246,29723,0.0,0.0,0.0
8.359999656677246,8.359999656677246,8.359999656677246,8.359999656677246,14151,0.0,0.0,0.0
8.359999656677246,8.369999885559082,8.359999656677246,8.359999656677246,37401,0.0,0.0,0.0
8.359999656677246,8.369999885559082,8.359999656677246,8.369999885559082,14817,0.0,0.0,0.0
8.359999656677246,8.359999656677246,8.3100004196167,8.319999694824219,32102,0.0,0.0,0.0
8.319999694824219,8.34000015258789,8.319999694824219,8.34000015258789,43306,0.0,0.0,0.0
8.34000015258789,8.34000015258789,8.319999694824219,8.319999694824219,116182,0.0,0.0,0.0
8.319999694824219,8.329999923706055,8.300000190734863,8.3100004196167,327266,0.0,0.0,0.0
8.3100004196167,8.319999694824219,8.3100004196167,8.3100004196167,44475,0.0,0.0,0.0
8.3100004196167,8.319999694824219,8.3100004196167,8.319999694824219,4500,0.0,0.0,0.0
8.319999694824219,8.319999694824219,8.3100004196167,8.319999694824219,6226,0.0,0.0,0.0
8.319999694824219,8.319999694824219,8.319999694824219,8.319999694824219,25300,0.0,0.0,0.0
8.319999694824219,8.319999694824219,8.300000190734863,8.300000190734863,271316,0.0,0.0,0.0
8.300000190734863,8.3100004196167,8.300000190734863,8.300000190734863,2700,0.0,0.0,0.0
8.300000190734863,8.300000190734863,8.289999961853027,8.289999961853027,171427,0.0,0.0,0.0
8.289999961853027,8.289999961853027,8.279999732971191,8.279999732971191,137676,0.0,0.0,0.0
8.279999732971191,8.289999961853027,8.279999732971191,8.279999732971191,26331,0.0,0.0,0.0
8.279999732971191,8.289999961853027,8.270000457763672,8.279999732971191,48782,0.0,0.0,0.0
8.289999961853027,8.289999961853027,8.270000457763672,8.270000457763672,69788,0.0,0.0,0.0
8.279999732971191,8.279999732971191,8.270000457763672,8.279999732971191,2299,0.0,0.0,0.0
8.279999732971191,8.279999732971191,8.270000457763672,8.270000457763672,36100,0.0,0.0,0.0
8.289999961853027,8.289999961853027,8.279999732971191,8.279999732971191,37100,0.0,0.0,0.0
8.289999961853027,8.289999961853027,8.279999732971191,8.279999732971191,21756,0.0,0.0,0.0
8.359999656677246,8.390000343322754,8.34000015258789,8.34000015258789,2535,0.0,0.0,0.0
8.350000381469727,8.359999656677246,8.350000381469727,8.350000381469727,2864,0.0,0.0,0.0
8.369999885559082,8.390000343322754,8.350000381469727,8.380000114440918,23600,0.0,0.0,0.0
8.390000343322754,8.390000343322754,8.380000114440918,8.380000114440918,5462,0.0,0.0,0.0
8.380000114440918,8.390000343322754,8.380000114440918,8.380000114440918,13305,0.0,0.0,0.0
8.399999618530273,8.399999618530273,8.390000343322754,8.399999618530273,10877,0.0,0.0,0.0
8.399999618530273,8.399999618530273,8.380000114440918,8.380000114440918,32265,0.0,0.0,0.0
8.380000114440918,8.399999618530273,8.380000114440918,8.399999618530273,1202,0.0,0.0,0.0
8.390000343322754,8.399999618530273,8.390000343322754,8.399999618530273,6200,0.0,0.0,0.0
8.380000114440918,8.399999618530273,8.380000114440918,8.399999618530273,7610,0.0,0.0,0.0
8.380000114440918,8.380000114440918,8.380000114440918,8.380000114440918,2200,0.0,0.0,0.0
8.390000343322754,8.399999618530273,8.390000343322754,8.399999618530273,3820,0.0,0.0,0.0
8.399999618530273,8.399999618530273,8.380000114440918,8.380000114440918,24164,0.0,0.0,0.0
8.380000114440918,8.40999984741211,8.380000114440918,8.40999984741211,44201,0.0,0.0,0.0
8.399999618530273,8.40999984741211,8.380000114440918,8.390000343322754,4428,0.0,0.0,0.0
8.390000343322754,8.40999984741211,8.390000343322754,8.40999984741211,910,0.0,0.0,0.0
8.40999984741211,8.40999984741211,8.399999618530273,8.399999618530273,2260,0.0,0.0,0.0
8.399999618530273,8.40999984741211,8.399999618530273,8.399999618530273,3105,0.0,0.0,0.0
8.40999984741211,8.40999984741211,8.390000343322754,8.390000343322754,1300,0.0,0.0,0.0
8.40999984741211,8.449999809265137,8.40999984741211,8.449999809265137,21500,0.0,0.0,0.0
8.460000038146973,8.470000267028809,8.449999809265137,8.460000038146973,21601,0.0,0.0,0.0
8.470000267028809,8.479999542236328,8.460000038146973,8.479999542236328,19850,0.0,0.0,0.0
8.479999542236328,8.510000228881836,8.470000267028809,8.5,116377,0.0,0.0,0.0
8.5,8.510000228881836,8.479999542236328,8.5,121000,0.0,0.0,0.0
8.489999771118164,8.510000228881836,8.489999771118164,8.5,53570,0.0,0.0,0.0
8.510000228881836,8.510000228881836,8.5,8.5,26750,0.0,0.0,0.0
8.510000228881836,8.520000457763672,8.510000228881836,8.510000228881836,16203,0.0,0.0,0.0
8.510000228881836,8.520000457763672,8.510000228881836,8.510000228881836,2110,0.0,0.0,0.0
8.5,8.510000228881836,8.5,8.5,69111,0.0,0.0,0.0
8.5,8.510000228881836,8.5,8.510000228881836,7402,0.0,0.0,0.0
8.5,8.5,8.479999542236328,8.489999771118164,8980,0.0,0.0,0.0
8.479999542236328,8.5,8.479999542236328,8.5,3164,0.0,0.0,0.0
8.5,8.5,8.479999542236328,8.479999542236328,5081,0.0,0.0,0.0
8.489999771118164,8.489999771118164,8.479999542236328,8.479999542236328,3162,0.0,0.0,0.0
8.479999542236328,8.479999542236328,8.470000267028809,8.479999542236328,1515,0.0,0.0,0.0
8.479999542236328,8.5,8.470000267028809,8.479999542236328,10140,0.0,0.0,0.0
8.479999542236328,8.479999542236328,8.470000267028809,8.470000267028809,7210,0.0,0.0,0.0
8.470000267028809,8.479999542236328,8.470000267028809,8.479999542236328,3710,0.0,0.0,0.0
8.449999809265137,8.460000038146973,8.430000305175781,8.460000038146973,1100,0.0,0.0,0.0
8.470000267028809,8.479999542236328,8.460000038146973,8.479999542236328,8533,0.0,0.0,0.0
8.479999542236328,8.479999542236328,8.460000038146973,8.470000267028809,807,0.0,0.0,0.0
8.470000267028809,8.470000267028809,8.449999809265137,8.470000267028809,5942,0.0,0.0,0.0
8.460000038146973,8.479999542236328,8.460000038146973,8.460000038146973,23808,0.0,0.0,0.0
8.460000038146973,8.460000038146973,8.449999809265137,8.460000038146973,7200,0.0,0.0,0.0
8.470000267028809,8.470000267028809,8.4399995803833,8.4399995803833,11524,0.0,0.0,0.0
8.4399995803833,8.460000038146973,8.4399995803833,8.460000038146973,6700,0.0,0.0,0.0
8.460000038146973,8.460000038146973,8.460000038146973,8.460000038146973,400,0.0,0.0,0.0
8.4399995803833,8.460000038146973,8.4399995803833,8.449999809265137,3700,0.0,0.0,0.0
8.449999809265137,8.449999809265137,8.449999809265137,8.449999809265137,2500,0.0,0.0,0.0
8.449999809265137,8.470000267028809,8.449999809265137,8.470000267028809,25883,0.0,0.0,0.0
8.470000267028809,8.479999542236328,8.470000267028809,8.479999542236328,11600,0.0,0.0,0.0
8.489999771118164,8.489999771118164,8.479999542236328,8.489999771118164,27420,0.0,0.0,0.0
8.5,8.5,8.489999771118164,8.5,1221,0.0,0.0,0.0
8.5,8.5,8.489999771118164,8.489999771118164,18202,0.0,0.0,0.0
8.489999771118164,8.489999771118164,8.489999771118164,8.489999771118164,1002,0.0,0.0,0.0
8.479999542236328,8.489999771118164,8.470000267028809,8.489999771118164,5030,0.0,0.0,0.0
8.489999771118164,8.489999771118164,8.479999542236328,8.479999542236328,3530,0.0,0.0,0.0
8.470000267028809,8.510000228881836,8.470000267028809,8.479999542236328,12229,0.0,0.0,0.0
8.489999771118164,8.5,8.479999542236328,8.479999542236328,4033,0.0,0.0,0.0
8.479999542236328,8.5,8.479999542236328,8.489999771118164,2510,0.0,0.0,0.0
8.5,8.510000228881836,8.5,8.510000228881836,4500,0.0,0.0,0.0
8.5,8.510000228881836,8.5,8.510000228881836,100,0.0,0.0,0.0
8.5,8.5,8.489999771118164,8.5,5470,0.0,0.0,0.0
8.510000228881836,8.510000228881836,8.489999771118164,8.489999771118164,1200,0.0,0.0,0.0
8.5,8.5,8.489999771118164,8.5,1465,0.0,0.0,0.0
8.5,8.5,8.489999771118164,8.489999771118164,830,0.0,0.0,0.0
8.489999771118164,8.489999771118164,8.489999771118164,8.489999771118164,12126,0.0,0.0,0.0
8.5,8.5,8.5,8.5,895,0.0,0.0,0.0
8.5,8.5,8.5,8.5,100,0.0,0.0,0.0
8.489999771118164,8.5,8.489999771118164,8.489999771118164,1300,0.0,0.0,0.0
8.489999771118164,8.489999771118164,8.489999771118164,8.489999771118164,600,0.0,0.0,0.0
8.489999771118164,8.5,8.489999771118164,8.5,3610,0.0,0.0,0.0
8.5,8.5,8.489999771118164,8.5,1100,0.0,0.0,0.0
8.5,8.5,8.489999771118164,8.5,3842,0.0,0.0,0.0
8.489999771118164,8.5,8.489999771118164,8.489999771118164,3700,0.0,0.0,0.0
8.489999771118164,8.5,8.489999771118164,8.489999771118164,32023,0.0,0.0,0.0
8.510000228881836,8.520000457763672,8.510000228881836,8.520000457763672,15969,0.0,0.0,0.0
8.520000457763672,8.5600004196167,8.520000457763672,8.550000190734863,64180,0.0,0.0,0.0
8.550000190734863,8.5600004196167,8.550000190734863,8.5600004196167,19332,0.0,0.0,0.0
8.550000190734863,8.569999694824219,8.550000190734863,8.5600004196167,10785,0.0,0.0,0.0
8.5600004196167,8.569999694824219,8.5600004196167,8.5600004196167,21399,0.0,0.0,0.0
8.569999694824219,8.569999694824219,8.5600004196167,8.569999694824219,2700,0.0,0.0,0.0
8.569999694824219,8.569999694824219,8.550000190734863,8.550000190734863,9706,0.0,0.0,0.0
8.569999694824219,8.569999694824219,8.550000190734863,8.550000190734863,4208,0.0,0.0,0.0
8.550000190734863,8.550000190734863,8.539999961853027,8.550000190734863,12722,0.0,0.0,0.0
8.550000190734863,8.5600004196167,8.550000190734863,8.5600004196167,1355,0.0,0.0,0.0
8.5600004196167,8.5600004196167,8.5600004196167,8.5600004196167,2300,0.0,0.0,0.0
8.5600004196167,8.5600004196167,8.550000190734863,8.550000190734863,4105,0.0,0.0,0.0
8.550000190734863,8.5600004196167,8.529999732971191,8.529999732971191,5771,0.0,0.0,0.0
8.539999961853027,8.550000190734863,8.539999961853027,8.550000190734863,201,0.0,0.0,0.0
8.5600004196167,8.5600004196167,8.550000190734863,8.550000190734863,2432,0.0,0.0,0.0
8.550000190734863,8.5600004196167,8.550000190734863,8.5600004196167,9660,0.0,0.0,0.0
8.5600004196167,8.5600004196167,8.550000190734863,8.550000190734863,13504,0.0,0.0,0.0
8.5600004196167,8.5600004196167,8.550000190734863,8.550000190734863,2002,0.0,0.0,0.0
8.539999961853027,8.539999961853027,8.539999961853027,8.539999961853027,901,0.0,0.0,0.0
8.5,8.529999732971191,8.5,8.529999732971191,5401,0.0,0.0,0.0
8.529999732971191,8.529999732971191,8.520000457763672,8.529999732971191,280413,0.0,0.0,0.0
8.539999961853027,8.539999961853027,8.529999732971191,8.539999961853027,10522,0.0,0.0,0.0
8.539999961853027,8.5600004196167,8.539999961853027,8.550000190734863,126425,0.0,0.0,0.0
8.5600004196167,8.5600004196167,8.550000190734863,8.5600004196167,1062,0.0,0.0,0.0
8.550000190734863,8.5600004196167,8.550000190734863,8.550000190734863,34313,0.0,0.0,0.0
8.550000190734863,8.550000190734863,8.539999961853027,8.539999961853027,10562,0.0,0.0,0.0
8.550000190734863,8.550000190734863,8.550000190734863,8.550000190734863,6400,0.0,0.0,0.0
8.550000190734863,8.550000190734863,8.539999961853027,8.539999961853027,1104,0.0,0.0,0.0
8.550000190734863,8.550000190734863,8.550000190734863,8.550000190734863,77901,0.0,0.0,0.0
8.539999961853027,8.550000190734863,8.539999961853027,8.550000190734863,2900,0.0,0.0,0.0
8.539999961853027,8.569999694824219,8.539999961853027,8.569999694824219,41322,0.0,0.0,0.0
8.569999694824219,8.569999694824219,8.569999694824219,8.569999694824219,101,0.0,0.0,0.0
8.569999694824219,8.569999694824219,8.550000190734863,8.5600004196167,732,0.0,0.0,0.0
8.550000190734863,8.5600004196167,8.550000190734863,8.5600004196167,523,0.0,0.0,0.0
8.5600004196167,8.5600004196167,8.550000190734863,8.550000190734863,2212,0.0,0.0,0.0
8.550000190734863,8.5600004196167,8.550000190734863,8.550000190734863,12330,0.0,0.0,0.0
8.550000190734863,8.5600004196167,8.550000190734863,8.550000190734863,1801,0.0,0.0,0.0
8.550000190734863,8.550000190734863,8.539999961853027,8.539999961853027,14800,0.0,0.0,0.0
8.569999694824219,8.569999694824219,8.550000190734863,8.550000190734863,3179,0.0,0.0,0.0
8.550000190734863,8.550000190734863,8.550000190734863,8.550000190734863,103,0.0,0.0,0.0
8.550000190734863,8.550000190734863,8.539999961853027,8.539999961853027,1080,0.0,0.0,0.0
8.529999732971191,8.529999732971191,8.520000457763672,8.520000457763672,6601,0.0,0.0,0.0
8.520000457763672,8.550000190734863,8.510000228881836,8.550000190734863,23800,0.0,0.0,0.0
8.550000190734863,8.550000190734863,8.539999961853027,8.550000190734863,1800,0.0,0.0,0.0
8.550000190734863,8.5600004196167,8.550000190734863,8.550000190734863,6800,0.0,0.0,0.0
8.5600004196167,8.5600004196167,8.550000190734863,8.550000190734863,19853,0.0,0.0,0.0
8.5600004196167,8.5600004196167,8.5600004196167,8.5600004196167,200,0.0,0.0,0.0
8.539999961853027,8.550000190734863,8.539999961853027,8.550000190734863,400,0.0,0.0,0.0
8.5600004196167,8.5600004196167,8.550000190734863,8.550000190734863,3601,0.0,0.0,0.0
8.539999961853027,8.550000190734863,8.529999732971191,8.550000190734863,6304,0.0,0.0,0.0
8.529999732971191,8.529999732971191,8.529999732971191,8.529999732971191,101,0.0,0.0,0.0
8.529999732971191,8.539999961853027,8.529999732971191,8.539999961853027,5800,0.0,0.0,0.0
8.539999961853027,8.539999961853027,8.529999732971191,8.529999732971191,51,0.0,0.0,0.0
8.539999961853027,8.539999961853027,8.529999732971191,8.529999732971191,629,0.0,0.0,0.0
8.529999732971191,8.539999961853027,8.529999732971191,8.539999961853027,2800,0.0,0.0,0.0
8.539999961853027,8.539999961853027,8.539999961853027,8.539999961853027,210,0.0,0.0,0.0
8.539999961853027,8.550000190734863,8.529999732971191,8.550000190734863,4703,0.0,0.0,0.0
8.5600004196167,8.579999923706055,8.5600004196167,8.579999923706055,11402,0.0,0.0,0.0
8.569999694824219,8.579999923706055,8.5600004196167,8.5600004196167,17006,0.0,0.0,0.0
8.5600004196167,8.579999923706055,8.5600004196167,8.579999923706055,2279,0.0,0.0,0.0
8.579999923706055,8.59000015258789,8.579999923706055,8.59000015258789,38492,0.0,0.0,0.0
8.59000015258789,8.59000015258789,8.569999694824219,8.579999923706055,10925,0.0,0.0,0.0
8.569999694824219,8.579999923706055,8.569999694824219,8.579999923706055,4920,0.0,0.0,0.0
8.579999923706055,8.579999923706055,8.579999923706055,8.579999923706055,3100,0.0,0.0,0.0
8.579999923706055,8.579999923706055,8.569999694824219,8.569999694824219,4214,0.0,0.0,0.0
8.569999694824219,8.579999923706055,8.569999694824219,8.579999923706055,7500,0.0,0.0,0.0
8.579999923706055,8.59000015258789,8.569999694824219,8.579999923706055,2700,0.0,0.0,0.0
8.579999923706055,8.579999923706055,8.579999923706055,8.579999923706055,4207,0.0,0.0,0.0
8.569999694824219,8.579999923706055,8.569999694824219,8.579999923706055,25305,0.0,0.0,0.0
8.569999694824219,8.59000015258789,8.569999694824219,8.59000015258789,3343,0.0,0.0,0.0
8.59000015258789,8.59000015258789,8.579999923706055,8.59000015258789,5820,0.0,0.0,0.0
8.579999923706055,8.579999923706055,8.569999694824219,8.569999694824219,11100,0.0,0.0,0.0
8.569999694824219,8.579999923706055,8.569999694824219,8.579999923706055,3400,0.0,0.0,0.0
8.579999923706055,8.579999923706055,8.579999923706055,8.579999923706055,202,0.0,0.0,0.0
8.579999923706055,8.579999923706055,8.569999694824219,8.579999923706055,33307,0.0,0.0,0.0
8.579999923706055,8.579999923706055,8.569999694824219,8.579999923706055,500,0.0,0.0,0.0
8.579999923706055,8.600000381469727,8.5600004196167,8.569999694824219,603885,0.0,0.0,0.0
8.579999923706055,8.600000381469727,8.5600004196167,8.600000381469727,5605,0.0,0.0,0.0
8.59000015258789,8.600000381469727,8.569999694824219,8.59000015258789,3318,0.0,0.0,0.0
8.59000015258789,8.600000381469727,8.59000015258789,8.600000381469727,36527,0.0,0.0,0.0
8.600000381469727,8.600000381469727,8.59000015258789,8.59000015258789,12746,0.0,0.0,0.0
8.600000381469727,8.600000381469727,8.59000015258789,8.600000381469727,7173,0.0,0.0,0.0
8.59000015258789,8.609999656677246,8.59000015258789,8.59000015258789,63213,0.0,0.0,0.0
8.600000381469727,8.600000381469727,8.59000015258789,8.600000381469727,13550,0.0,0.0,0.0
8.600000381469727,8.609999656677246,8.600000381469727,8.609999656677246,4110,0.0,0.0,0.0
8.609999656677246,8.619999885559082,8.609999656677246,8.619999885559082,7919,0.0,0.0,0.0
8.600000381469727,8.600000381469727,8.600000381469727,8.600000381469727,3715,0.0,0.0,0.0
8.600000381469727,8.619999885559082,8.600000381469727,8.609999656677246,1700,0.0,0.0,0.0
8.609999656677246,8.619999885559082,8.600000381469727,8.600000381469727,10200,0.0,0.0,0.0
8.609999656677246,8.619999885559082,8.609999656677246,8.619999885559082,1401,0.0,0.0,0.0
8.609999656677246,8.609999656677246,8.600000381469727,8.609999656677246,42000,0.0,0.0,0.0
8.609999656677246,8.609999656677246,8.600000381469727,8.600000381469727,22101,0.0,0.0,0.0
8.609999656677246,8.609999656677246,8.609999656677246,8.609999656677246,1100,0.0,0.0,0.0
8.609999656677246,8.609999656677246,8.600000381469727,8.609999656677246,3130,0.0,0.0,0.0
8.609999656677246,8.619999885559082,8.600000381469727,8.609999656677246,19300,0.0,0.0,0.0
8.630000114440918,8.630000114440918,8.600000381469727,8.609999656677246,944,0.0,0.0,0.0
8.609999656677246,8.619999885559082,8.600000381469727,8.619999885559082,5825,0.0,0.0,0.0
8.619999885559082,8.619999885559082,8.609999656677246,8.619999885559082,16178,0.0,0.0,0.0
8.609999656677246,8.619999885559082,8.600000381469727,8.619999885559082,68300,0.0,0.0,0.0
8.600000381469727,8.630000114440918,8.600000381469727,8.619999885559082,95300,0.0,0.0,0.0
8.619999885559082,8.640000343322754,8.600000381469727,8.630000114440918,102105,0.0,0.0,0.0
8.640000343322754,8.640000343322754,8.600000381469727,8.600000381469727,1980,0.0,0.0,0.0
8.600000381469727,8.619999885559082,8.600000381469727,8.619999885559082,0,0.0,0.0,0.0
8.619999885559082,8.619999885559082,8.619999885559082,8.619999885559082,600,0.0,0.0,0.0
8.619999885559082,8.630000114440918,8.619999885559082,8.630000114440918,2900,0.0,0.0,0.0
8.630000114440918,8.630000114440918,8.630000114440918,8.630000114440918,9300,0.0,0.0,0.0
8.630000114440918,8.630000114440918,8.630000114440918,8.630000114440918,630,0.0,0.0,0.0
8.630000114440918,8.630000114440918,8.619999885559082,8.619999885559082,1633,0.0,0.0,0.0
8.619999885559082,8.630000114440918,8.619999885559082,8.630000114440918,7761,0.0,0.0,0.0
8.630000114440918,8.630000114440918,8.609999656677246,8.609999656677246,600,0.0,0.0,0.0
8.609999656677246,8.619999885559082,8.609999656677246,8.609999656677246,3800,0.0,0.0,0.0
8.609999656677246,8.609999656677246,8.600000381469727,8.600000381469727,2373,0.0,0.0,0.0
8.600000381469727,8.609999656677246,8.600000381469727,8.609999656677246,2810,0.0,0.0,0.0
8.600000381469727,8.600000381469727,8.579999923706055,8.579999923706055,35851,0.0,0.0,0.0
8.630000114440918,8.630000114440918,8.600000381469727,8.609999656677246,1601,0.0,0.0,0.0
8.609999656677246,8.609999656677246,8.600000381469727,8.609999656677246,23500,0.0,0.0,0.0
8.609999656677246,8.609999656677246,8.600000381469727,8.600000381469727,7900,0.0,0.0,0.0
8.600000381469727,8.609999656677246,8.600000381469727,8.609999656677246,2215,0.0,0.0,0.0
8.619999885559082,8.619999885559082,8.609999656677246,8.619999885559082,2617,0.0,0.0,0.0
8.619999885559082,8.630000114440918,8.619999885559082,8.619999885559082,23600,0.0,0.0,0.0
8.619999885559082,8.619999885559082,8.619999885559082,8.619999885559082,1513,0.0,0.0,0.0
8.619999885559082,8.630000114440918,8.619999885559082,8.630000114440918,611,0.0,0.0,0.0
8.630000114440918,8.630000114440918,8.630000114440918,8.630000114440918,16062,0.0,0.0,0.0
8.630000114440918,8.630000114440918,8.619999885559082,8.630000114440918,4500,0.0,0.0,0.0
8.630000114440918,8.630000114440918,8.630000114440918,8.630000114440918,6207,0.0,0.0,0.0
8.630000114440918,8.630000114440918,8.619999885559082,8.630000114440918,3570,0.0,0.0,0.0
8.630000114440918,8.630000114440918,8.619999885559082,8.630000114440918,2017,0.0,0.0,0.0
8.619999885559082,8.630000114440918,8.619999885559082,8.619999885559082,2100,0.0,0.0,0.0
8.630000114440918,8.630000114440918,8.630000114440918,8.630000114440918,1024,0.0,0.0,0.0
8.619999885559082,8.630000114440918,8.619999885559082,8.619999885559082,12904,0.0,0.0,0.0
8.619999885559082,8.630000114440918,8.619999885559082,8.619999885559082,31136,0.0,0.0,0.0
8.619999885559082,8.619999885559082,8.609999656677246,8.609999656677246,40500,0.0,0.0,0.0
8.609999656677246,8.609999656677246,8.600000381469727,8.609999656677246,12816,0.0,0.0,0.0
8.680000305175781,8.680000305175781,8.649999618530273,8.680000305175781,194635,0.0,0.0,0.0
8.680000305175781,8.6899995803833,8.65999984741211,8.6899995803833,16855,0.0,0.0,0.0
8.6899995803833,8.699999809265137,8.6899995803833,8.6899995803833,5300,0.0,0.0,0.0
8.699999809265137,8.699999809265137,8.680000305175781,8.680000305175781,14482,0.0,0.0,0.0
8.680000305175781,8.6899995803833,8.670000076293945,8.680000305175781,839,0.0,0.0,0.0
8.680000305175781,8.6899995803833,8.670000076293945,8.680000305175781,1508,0.0,0.0,0.0
8.680000305175781,8.680000305175781,8.670000076293945,8.680000305175781,7800,0.0,0.0,0.0
8.670000076293945,8.680000305175781,8.670000076293945,8.680000305175781,1553,0.0,0.0,0.0
8.680000305175781,8.680000305175781,8.670000076293945,8.680000305175781,2965,0.0,0.0,0.0
8.670000076293945,8.680000305175781,8.670000076293945,8.670000076293945,5533,0.0,0.0,0.0
8.670000076293945,8.670000076293945,8.670000076293945,8.670000076293945,3400,0.0,0.0,0.0
8.670000076293945,8.680000305175781,8.65999984741211,8.670000076293945,13901,0.0,0.0,0.0
8.680000305175781,8.6899995803833,8.65999984741211,8.65999984741211,3400,0.0,0.0,0.0
8.6899995803833,8.6899995803833,8.670000076293945,8.670000076293945,705,0.0,0.0,0.0
8.65999984741211,8.6899995803833,8.65999984741211,8.6899995803833,2181,0.0,0.0,0.0
8.680000305175781,8.680000305175781,8.670000076293945,8.680000305175781,1547,0.0,0.0,0.0
8.680000305175781,8.680000305175781,8.65999984741211,8.670000076293945,27003,0.0,0.0,0.0
8.65999984741211,8.670000076293945,8.640000343322754,8.649999618530273,74200,0.0,0.0,0.0
8.649999618530273,8.65999984741211,8.649999618530273,8.65999984741211,4306,0.0,0.0,0.0
8.640000343322754,8.65999984741211,8.630000114440918,8.649999618530273,99430,0.0,0.0,0.0
8.649999618530273,8.65999984741211,8.630000114440918,8.630000114440918,10826,0.0,0.0,0.0
8.630000114440918,8.630000114440918,8.609999656677246,8.619999885559082,10996,0.0,0.0,0.0
8.619999885559082,8.619999885559082,8.609999656677246,8.609999656677246,8420,0.0,0.0,0.0
8.619999885559082,8.630000114440918,8.619999885559082,8.630000114440918,3815,0.0,0.0,0.0
8.630000114440918,8.630000114440918,8.630000114440918,8.630000114440918,3012,0.0,0.0,0.0
8.619999885559082,8.630000114440918,8.619999885559082,8.630000114440918,2800,0.0,0.0,0.0
8.609999656677246,8.630000114440918,8.609999656677246,8.609999656677246,9262,0.0,0.0,0.0
8.619999885559082,8.619999885559082,8.600000381469727,8.609999656677246,1000,0.0,0.0,0.0
8.619999885559082,8.619999885559082,8.600000381469727,8.609999656677246,2085,0.0,0.0,0.0
8.609999656677246,8.609999656677246,8.609999656677246,8.609999656677246,3200,0.0,0.0,0.0
8.619999885559082,8.630000114440918,8.619999885559082,8.630000114440918,7064,0.0,0.0,0.0
8.630000114440918,8.630000114440918,8.619999885559082,8.630000114440918,10766,0.0,0.0,0.0
8.630000114440918,8.640000343322754,8.630000114440918,8.630000114440918,12669,0.0,0.0,0.0
8.640000343322754,8.65999984741211,8.640000343322754,8.65999984741211,8400,0.0,0.0,0.0
8.65999984741211,8.65999984741211,8.649999618530273,8.649999618530273,3503,0.0,0.0,0.0
8.649999618530273,8.65999984741211,8.649999618530273,8.65999984741211,1400,0.0,0.0,0.0
8.65999984741211,8.65999984741211,8.65999984741211,8.65999984741211,1015,0.0,0.0,0.0
8.649999618530273,8.649999618530273,8.640000343322754,8.649999618530273,2800,0.0,0.0,0.0
8.6899995803833,8.6899995803833,8.619999885559082,8.619999885559082,1339,0.0,0.0,0.0
8.640000343322754,8.65999984741211,8.640000343322754,8.65999984741211,6510,0.0,0.0,0.0
8.640000343322754,8.649999618530273,8.640000343322754,8.649999618530273,51242,0.0,0.0,0.0
8.649999618530273,8.649999618530273,8.630000114440918,8.640000343322754,21200,0.0,0.0,0.0
8.630000114440918,8.640000343322754,8.630000114440918,8.630000114440918,40211,0.0,0.0,0.0
8.640000343322754,8.640000343322754,8.630000114440918,8.630000114440918,55561,0.0,0.0,0.0
8.640000343322754,8.640000343322754,8.630000114440918,8.630000114440918,31130,0.0,0.0,0.0
8.640000343322754,8.640000343322754,8.609999656677246,8.640000343322754,61061,0.0,0.0,0.0
8.630000114440918,8.640000343322754,8.630000114440918,8.640000343322754,1790,0.0,0.0,0.0
8.630000114440918,8.640000343322754,8.619999885559082,8.630000114440918,2440,0.0,0.0,0.0
8.630000114440918,8.630000114440918,8.630000114440918,8.630000114440918,2600,0.0,0.0,0.0
8.630000114440918,8.640000343322754,8.630000114440918,8.640000343322754,13438,0.0,0.0,0.0
8.630000114440918,8.640000343322754,8.619999885559082,8.619999885559082,41600,0.0,0.0,0.0
8.619999885559082,8.630000114440918,8.609999656677246,8.630000114440918,157731,0.0,0.0,0.0
8.630000114440918,8.630000114440918,8.619999885559082,8.619999885559082,4100,0.0,0.0,0.0
8.619999885559082,8.630000114440918,8.609999656677246,8.619999885559082,14437,0.0,0.0,0.0
8.619999885559082,8.630000114440918,8.609999656677246,8.619999885559082,2950,0.0,0.0,0.0
8.619999885559082,8.619999885559082,8.609999656677246,8.609999656677246,31366,0.0,0.0,0.0
8.609999656677246,8.609999656677246,8.609999656677246,8.609999656677246,10518,0.0,0.0,0.0
8.600000381469727,8.600000381469727,8.5600004196167,8.5600004196167,119839,0.0,0.0,0.0
8.569999694824219,8.569999694824219,8.5600004196167,8.569999694824219,9853,0.0,0.0,0.0
8.569999694824219,8.569999694824219,8.5600004196167,8.569999694824219,24336,0.0,0.0,0.0
8.5600004196167,8.569999694824219,8.5600004196167,8.5600004196167,3237,0.0,0.0,0.0
8.569999694824219,8.569999694824219,8.539999961853027,8.539999961853027,39464,0.0,0.0,0.0
8.550000190734863,8.550000190734863,8.529999732971191,8.529999732971191,22320,0.0,0.0,0.0
8.539999961853027,8.5600004196167,8.539999961853027,8.550000190734863,2900,0.0,0.0,0.0
8.550000190734863,8.5600004196167,8.539999961853027,8.5600004196167,3220,0.0,0.0,0.0
8.550000190734863,8.5600004196167,8.550000190734863,8.5600004196167,4420,0.0,0.0,0.0
8.5600004196167,8.569999694824219,8.550000190734863,8.5600004196167,4517,0.0,0.0,0.0
8.550000190734863,8.550000190734863,8.550000190734863,8.550000190734863,3000,0.0,0.0,0.0
8.5600004196167,8.569999694824219,8.539999961853027,8.5600004196167,57267,0.0,0.0,0.0
8.5600004196167,8.5600004196167,8.539999961853027,8.550000190734863,3102,0.0,0.0,0.0
8.550000190734863,8.550000190734863,8.539999961853027,8.550000190734863,1324,0.0,0.0,0.0
8.550000190734863,8.579999923706055,8.539999961853027,8.579999923706055,3905,0.0,0.0,0.0
8.579999923706055,8.579999923706055,8.5600004196167,8.5600004196167,1676,0.0,0.0,0.0
8.579999923706055,8.579999923706055,8.579999923706055,8.579999923706055,1053,0.0,0.0,0.0
8.569999694824219,8.569999694824219,8.569999694824219,8.569999694824219,100,0.0,0.0,0.0
8.569999694824219,8.569999694824219,8.5600004196167,8.5600004196167,1200,0.0,0.0,0.0
8.59000015258789,8.600000381469727,8.5600004196167,8.579999923706055,12230,0.0,0.0,0.0
8.600000381469727,8.600000381469727,8.59000015258789,8.59000015258789,1261,0.0,0.0,0.0
8.59000015258789,8.600000381469727,8.59000015258789,8.59000015258789,3814,0.0,0.0,0.0
8.59000015258789,8.59000015258789,8.579999923706055,8.579999923706055,1457,0.0,0.0,0.0
8.59000015258789,8.59000015258789,8.579999923706055,8.59000015258789,3002,0.0,0.0,0.0
8.59000015258789,8.59000015258789,8.579999923706055,8.579999923706055,8024,0.0,0.0,0.0
8.579999923706055,8.579999923706055,8.569999694824219,8.569999694824219,4562,0.0,0.0,0.0
8.569999694824219,8.579999923706055,8.5600004196167,8.579999923706055,2315,0.0,0.0,0.0
8.579999923706055,8.579999923706055,8.579999923706055,8.579999923706055,1301,0.0,0.0,0.0
8.579999923706055,8.579999923706055,8.569999694824219,8.569999694824219,1315,0.0,0.0,0.0
8.579999923706055,8.579999923706055,8.579999923706055,8.579999923706055,4300,0.0,0.0,0.0
8.569999694824219,8.579999923706055,8.569999694824219,8.579999923706055,24972,0.0,0.0,0.0
8.579999923706055,8.579999923706055,8.569999694824219,8.579999923706055,126717,0.0,0.0,0.0
8.579999923706055,8.579999923706055,8.550000190734863,8.5600004196167,275145,0.0,0.0,0.0
8.5600004196167,8.5600004196167,8.550000190734863,8.5600004196167,500,0.0,0.0,0.0
8.550000190734863,8.5600004196167,8.550000190734863,8.550000190734863,2010,0.0,0.0,0.0
8.5600004196167,8.5600004196167,8.539999961853027,8.550000190734863,1050,0.0,0.0,0.0
8.5600004196167,8.5600004196167,8.550000190734863,8.5600004196167,3320,0.0,0.0,0.0
8.550000190734863,8.5600004196167,8.550000190734863,8.550000190734863,4100,0.0,0.0,0.0
8.539999961853027,8.539999961853027,8.520000457763672,8.539999961853027,41300,0.0,0.0,0.0
8.539999961853027,8.539999961853027,8.520000457763672,8.520000457763672,19517,0.0,0.0,0.0
8.539999961853027,8.539999961853027,8.520000457763672,8.520000457763672,3940,0.0,0.0,0.0
8.529999732971191,8.529999732971191,8.520000457763672,8.520000457763672,11200,0.0,0.0,0.0
8.510000228881836,8.529999732971191,8.510000228881836,8.529999732971191,8034,0.0,0.0,0.0
8.529999732971191,8.539999961853027,8.520000457763672,8.539999961853027,45300,0.0,0.0,0.0
8.539999961853027,8.539999961853027,8.520000457763672,8.520000457763672,500,0.0,0.0,0.0
8.539999961853027,8.550000190734863,8.539999961853027,8.550000190734863,5100,0.0,0.0,0.0
8.550000190734863,8.550000190734863,8.550000190734863,8.550000190734863,3757,0.0,0.0,0.0
8.539999961853027,8.550000190734863,8.539999961853027,8.539999961853027,2120,0.0,0.0,0.0
8.539999961853027,8.539999961853027,8.539999961853027,8.539999961853027,3400,0.0,0.0,0.0
8.550000190734863,8.550000190734863,8.550000190734863,8.550000190734863,951,0.0,0.0,0.0
8.550000190734863,8.550000190734863,8.539999961853027,8.539999961853027,4300,0.0,0.0,0.0
8.529999732971191,8.529999732971191,8.529999732971191,8.529999732971191,23752,0.0,0.0,0.0
8.529999732971191,8.529999732971191,8.520000457763672,8.529999732971191,79910,0.0,0.0,0.0
8.529999732971191,8.529999732971191,8.510000228881836,8.529999732971191,10200,0.0,0.0,0.0
8.529999732971191,8.529999732971191,8.520000457763672,8.520000457763672,13000,0.0,0.0,0.0
8.520000457763672,8.520000457763672,8.510000228881836,8.510000228881836,24401,0.0,0.0,0.0
8.510000228881836,8.529999732971191,8.510000228881836,8.510000228881836,118601,0.0,0.0,0.0
8.550000190734863,8.550000190734863,8.539999961853027,8.550000190734863,9400,0.0,0.0,0.0
8.550000190734863,8.550000190734863,8.529999732971191,8.529999732971191,522,0.0,0.0,0.0
8.539999961853027,8.539999961853027,8.520000457763672,8.520000457763672,9600,0.0,0.0,0.0
8.520000457763672,8.529999732971191,8.510000228881836,8.510000228881836,14200,0.0,0.0,0.0
8.510000228881836,8.520000457763672,8.5,8.520000457763672,1930,0.0,0.0,0.0
8.520000457763672,8.520000457763672,8.520000457763672,8.520000457763672,2800,0.0,0.0,0.0
8.520000457763672,8.520000457763672,8.520000457763672,8.520000457763672,211,0.0,0.0,0.0
8.520000457763672,8.520000457763672,8.520000457763672,8.520000457763672,1639,0.0,0.0,0.0
8.520000457763672,8.520000457763672,8.520000457763672,8.520000457763672,20100,0.0,0.0,0.0
8.520000457763672,8.529999732971191,8.510000228881836,8.529999732971191,6417,0.0,0.0,0.0
8.529999732971191,8.529999732971191,8.529999732971191,8.529999732971191,1259,0.0,0.0,0.0
8.529999732971191,8.529999732971191,8.520000457763672,8.520000457763672,1132,0.0,0.0,0.0
8.520000457763672,8.520000457763672,8.520000457763672,8.520000457763672,112800,0.0,0.0,0.0
8.510000228881836,8.520000457763672,8.510000228881836,8.520000457763672,281300,0.0,0.0,0.0
8.510000228881836,8.529999732971191,8.510000228881836,8.510000228881836,1710,0.0,0.0,0.0
8.520000457763672,8.520000457763672,8.510000228881836,8.510000228881836,189413,0.0,0.0,0.0
8.520000457763672,8.520000457763672,8.5,8.510000228881836,3751,0.0,0.0,0.0
8.510000228881836,8.510000228881836,8.510000228881836,8.510000228881836,4100,0.0,0.0,0.0
8.520000457763672,8.520000457763672,8.510000228881836,8.510000228881836,10405,0.0,0.0,0.0
